<?xml version="1.0" encoding="UTF-8" ?>
<!-- This is a WordPress eXtended RSS file generated by WordPress as an export of your site. -->
<!-- It contains information about your site's posts, pages, comments, categories, and other content. -->
<!-- You may use this file to transfer that content from one site to another. -->
<!-- This file is not intended to serve as a complete backup of your site. -->

<!-- To import this information into a WordPress site follow these steps: -->
<!-- 1. Log in to that site as an administrator. -->
<!-- 2. Go to Tools: Import in the WordPress admin panel. -->
<!-- 3. Install the "WordPress" importer from the list. -->
<!-- 4. Activate & Run Importer. -->
<!-- 5. Upload this file using the form provided on that page. -->
<!-- 6. You will first be asked to map the authors in this export file to users -->
<!--    on the site. For each author, you may choose to map to an -->
<!--    existing user on the site or to create a new user. -->
<!-- 7. WordPress will then import each of the posts, pages, comments, categories, etc. -->
<!--    contained in this file into your site. -->

	<!-- generator="WordPress/5.4.2" created="2020-07-23 14:29" -->
<rss version="2.0"
	xmlns:excerpt="http://wordpress.org/export/1.2/excerpt/"
	xmlns:content="http://purl.org/rss/1.0/modules/content/"
	xmlns:wfw="http://wellformedweb.org/CommentAPI/"
	xmlns:dc="http://purl.org/dc/elements/1.1/"
	xmlns:wp="http://wordpress.org/export/1.2/"
>

<channel>
	<title>My Great Blog</title>
	<link>http://schema-premium-dev:8888</link>
	<description>Just another WordPress site</description>
	<pubDate>Thu, 23 Jul 2020 14:29:16 +0000</pubDate>
	<language>en-US</language>
	<wp:wxr_version>1.2</wp:wxr_version>
	<wp:base_site_url>http://schema-premium-dev:8888</wp:base_site_url>
	<wp:base_blog_url>http://schema-premium-dev:8888</wp:base_blog_url>

		<wp:author><wp:author_id>1</wp:author_id><wp:author_login><![CDATA[hesham]]></wp:author_login><wp:author_email><![CDATA[yourname@yourdomain.mamp]]></wp:author_email><wp:author_display_name><![CDATA[hesham]]></wp:author_display_name><wp:author_first_name><![CDATA[]]></wp:author_first_name><wp:author_last_name><![CDATA[]]></wp:author_last_name></wp:author>

				
	<generator>https://wordpress.org/?v=5.4.2</generator>

		<item>
		<title>BlogPosting</title>
		<link>http://schema-premium-dev:8888/?schema=blogposting</link>
		<pubDate>Thu, 23 Jul 2020 14:14:17 +0000</pubDate>
		<dc:creator><![CDATA[hesham]]></dc:creator>
		<guid isPermaLink="false">http://schema-premium-dev:8888/2020/07/23/blogposting/</guid>
		<description></description>
		<content:encoded><![CDATA[]]></content:encoded>
		<excerpt:encoded><![CDATA[]]></excerpt:encoded>
		<wp:post_id>9</wp:post_id>
		<wp:post_date><![CDATA[2020-07-23 14:14:17]]></wp:post_date>
		<wp:post_date_gmt><![CDATA[2020-07-23 14:14:17]]></wp:post_date_gmt>
		<wp:comment_status><![CDATA[closed]]></wp:comment_status>
		<wp:ping_status><![CDATA[closed]]></wp:ping_status>
		<wp:post_name><![CDATA[blogposting]]></wp:post_name>
		<wp:status><![CDATA[publish]]></wp:status>
		<wp:post_parent>0</wp:post_parent>
		<wp:menu_order>0</wp:menu_order>
		<wp:post_type><![CDATA[schema]]></wp:post_type>
		<wp:post_password><![CDATA[]]></wp:post_password>
		<wp:is_sticky>0</wp:is_sticky>
														<wp:postmeta>
		<wp:meta_key><![CDATA[_schema_type]]></wp:meta_key>
		<wp:meta_value><![CDATA[BlogPosting]]></wp:meta_value>
		</wp:postmeta>
							<wp:postmeta>
		<wp:meta_key><![CDATA[_schema_comment]]></wp:meta_key>
		<wp:meta_value><![CDATA[A blog post.]]></wp:meta_value>
		</wp:postmeta>
							<wp:postmeta>
		<wp:meta_key><![CDATA[_schema_subtypes]]></wp:meta_key>
		<wp:meta_value><![CDATA[]]></wp:meta_value>
		</wp:postmeta>
							<wp:postmeta>
		<wp:meta_key><![CDATA[_edit_last]]></wp:meta_key>
		<wp:meta_value><![CDATA[1]]></wp:meta_value>
		</wp:postmeta>
							<wp:postmeta>
		<wp:meta_key><![CDATA[schema_locations_0_locations_group_sub_schema_locations_select]]></wp:meta_key>
		<wp:meta_value><![CDATA[post_type]]></wp:meta_value>
		</wp:postmeta>
							<wp:postmeta>
		<wp:meta_key><![CDATA[_schema_locations_0_locations_group_sub_schema_locations_select]]></wp:meta_key>
		<wp:meta_value><![CDATA[field_schema_locations_select]]></wp:meta_value>
		</wp:postmeta>
							<wp:postmeta>
		<wp:meta_key><![CDATA[schema_locations_0_locations_group_sub_schema_post_type_location]]></wp:meta_key>
		<wp:meta_value><![CDATA[post]]></wp:meta_value>
		</wp:postmeta>
							<wp:postmeta>
		<wp:meta_key><![CDATA[_schema_locations_0_locations_group_sub_schema_post_type_location]]></wp:meta_key>
		<wp:meta_value><![CDATA[schema_post_type_location]]></wp:meta_value>
		</wp:postmeta>
							<wp:postmeta>
		<wp:meta_key><![CDATA[schema_locations_0_locations_group_sub]]></wp:meta_key>
		<wp:meta_value><![CDATA[]]></wp:meta_value>
		</wp:postmeta>
							<wp:postmeta>
		<wp:meta_key><![CDATA[_schema_locations_0_locations_group_sub]]></wp:meta_key>
		<wp:meta_value><![CDATA[group_schema_locations_sub]]></wp:meta_value>
		</wp:postmeta>
							<wp:postmeta>
		<wp:meta_key><![CDATA[schema_locations]]></wp:meta_key>
		<wp:meta_value><![CDATA[1]]></wp:meta_value>
		</wp:postmeta>
							<wp:postmeta>
		<wp:meta_key><![CDATA[_schema_locations]]></wp:meta_key>
		<wp:meta_value><![CDATA[field_schema_locations]]></wp:meta_value>
		</wp:postmeta>
							<wp:postmeta>
		<wp:meta_key><![CDATA[schema_exclution]]></wp:meta_key>
		<wp:meta_value><![CDATA[]]></wp:meta_value>
		</wp:postmeta>
							<wp:postmeta>
		<wp:meta_key><![CDATA[_schema_exclution]]></wp:meta_key>
		<wp:meta_value><![CDATA[field_schema_exclution]]></wp:meta_value>
		</wp:postmeta>
							<wp:postmeta>
		<wp:meta_key><![CDATA[_properties_url]]></wp:meta_key>
		<wp:meta_value><![CDATA[post_permalink]]></wp:meta_value>
		</wp:postmeta>
							<wp:postmeta>
		<wp:meta_key><![CDATA[__properties_url]]></wp:meta_key>
		<wp:meta_value><![CDATA[properties_url]]></wp:meta_value>
		</wp:postmeta>
							<wp:postmeta>
		<wp:meta_key><![CDATA[_]]></wp:meta_key>
		<wp:meta_value><![CDATA[schema_properties_group_isAccessibleForFree]]></wp:meta_value>
		</wp:postmeta>
							<wp:postmeta>
		<wp:meta_key><![CDATA[_properties_headline]]></wp:meta_key>
		<wp:meta_value><![CDATA[post_title]]></wp:meta_value>
		</wp:postmeta>
							<wp:postmeta>
		<wp:meta_key><![CDATA[__properties_headline]]></wp:meta_key>
		<wp:meta_value><![CDATA[properties_headline]]></wp:meta_value>
		</wp:postmeta>
							<wp:postmeta>
		<wp:meta_key><![CDATA[_properties_alternativeHeadline]]></wp:meta_key>
		<wp:meta_value><![CDATA[disabled]]></wp:meta_value>
		</wp:postmeta>
							<wp:postmeta>
		<wp:meta_key><![CDATA[__properties_alternativeHeadline]]></wp:meta_key>
		<wp:meta_value><![CDATA[properties_alternativeHeadline]]></wp:meta_value>
		</wp:postmeta>
							<wp:postmeta>
		<wp:meta_key><![CDATA[_properties_image]]></wp:meta_key>
		<wp:meta_value><![CDATA[featured_image]]></wp:meta_value>
		</wp:postmeta>
							<wp:postmeta>
		<wp:meta_key><![CDATA[__properties_image]]></wp:meta_key>
		<wp:meta_value><![CDATA[properties_image]]></wp:meta_value>
		</wp:postmeta>
							<wp:postmeta>
		<wp:meta_key><![CDATA[_properties_datePublished]]></wp:meta_key>
		<wp:meta_value><![CDATA[post_date]]></wp:meta_value>
		</wp:postmeta>
							<wp:postmeta>
		<wp:meta_key><![CDATA[__properties_datePublished]]></wp:meta_key>
		<wp:meta_value><![CDATA[properties_datePublished]]></wp:meta_value>
		</wp:postmeta>
							<wp:postmeta>
		<wp:meta_key><![CDATA[_properties_dateModified]]></wp:meta_key>
		<wp:meta_value><![CDATA[post_modified]]></wp:meta_value>
		</wp:postmeta>
							<wp:postmeta>
		<wp:meta_key><![CDATA[__properties_dateModified]]></wp:meta_key>
		<wp:meta_value><![CDATA[properties_dateModified]]></wp:meta_value>
		</wp:postmeta>
							<wp:postmeta>
		<wp:meta_key><![CDATA[_properties_author]]></wp:meta_key>
		<wp:meta_value><![CDATA[author_name]]></wp:meta_value>
		</wp:postmeta>
							<wp:postmeta>
		<wp:meta_key><![CDATA[__properties_author]]></wp:meta_key>
		<wp:meta_value><![CDATA[properties_author]]></wp:meta_value>
		</wp:postmeta>
							<wp:postmeta>
		<wp:meta_key><![CDATA[_properties_description]]></wp:meta_key>
		<wp:meta_value><![CDATA[post_excerpt]]></wp:meta_value>
		</wp:postmeta>
							<wp:postmeta>
		<wp:meta_key><![CDATA[__properties_description]]></wp:meta_key>
		<wp:meta_value><![CDATA[properties_description]]></wp:meta_value>
		</wp:postmeta>
							<wp:postmeta>
		<wp:meta_key><![CDATA[_properties_isAccessibleForFree]]></wp:meta_key>
		<wp:meta_value><![CDATA[disabled]]></wp:meta_value>
		</wp:postmeta>
							<wp:postmeta>
		<wp:meta_key><![CDATA[__properties_isAccessibleForFree]]></wp:meta_key>
		<wp:meta_value><![CDATA[properties_isAccessibleForFree]]></wp:meta_value>
		</wp:postmeta>
							</item>
					<item>
		<title>WebPage</title>
		<link>http://schema-premium-dev:8888/?schema=webpage</link>
		<pubDate>Thu, 23 Jul 2020 14:28:02 +0000</pubDate>
		<dc:creator><![CDATA[hesham]]></dc:creator>
		<guid isPermaLink="false">http://schema-premium-dev:8888/?schema=webpage</guid>
		<description></description>
		<content:encoded><![CDATA[]]></content:encoded>
		<excerpt:encoded><![CDATA[]]></excerpt:encoded>
		<wp:post_id>10</wp:post_id>
		<wp:post_date><![CDATA[2020-07-23 14:28:02]]></wp:post_date>
		<wp:post_date_gmt><![CDATA[2020-07-23 14:28:02]]></wp:post_date_gmt>
		<wp:comment_status><![CDATA[closed]]></wp:comment_status>
		<wp:ping_status><![CDATA[closed]]></wp:ping_status>
		<wp:post_name><![CDATA[webpage]]></wp:post_name>
		<wp:status><![CDATA[publish]]></wp:status>
		<wp:post_parent>0</wp:post_parent>
		<wp:menu_order>0</wp:menu_order>
		<wp:post_type><![CDATA[schema]]></wp:post_type>
		<wp:post_password><![CDATA[]]></wp:post_password>
		<wp:is_sticky>0</wp:is_sticky>
														<wp:postmeta>
		<wp:meta_key><![CDATA[_schema_type]]></wp:meta_key>
		<wp:meta_value><![CDATA[WebPage]]></wp:meta_value>
		</wp:postmeta>
							<wp:postmeta>
		<wp:meta_key><![CDATA[_schema_comment]]></wp:meta_key>
		<wp:meta_value><![CDATA[A web page.]]></wp:meta_value>
		</wp:postmeta>
							<wp:postmeta>
		<wp:meta_key><![CDATA[_schema_subtypes]]></wp:meta_key>
		<wp:meta_value><![CDATA[a:5:{s:9:"AboutPage";s:10:"About Page";s:12:"CheckoutPage";s:13:"Checkout Page";s:14:"MedicalWebPage";s:16:"Medical Web Page";s:11:"ProfilePage";s:12:"Profile Page";s:6:"QAPage";s:8:"Q&A Page";}]]></wp:meta_value>
		</wp:postmeta>
							<wp:postmeta>
		<wp:meta_key><![CDATA[_edit_last]]></wp:meta_key>
		<wp:meta_value><![CDATA[1]]></wp:meta_value>
		</wp:postmeta>
							<wp:postmeta>
		<wp:meta_key><![CDATA[schema_subtype]]></wp:meta_key>
		<wp:meta_value><![CDATA[]]></wp:meta_value>
		</wp:postmeta>
							<wp:postmeta>
		<wp:meta_key><![CDATA[_schema_subtype]]></wp:meta_key>
		<wp:meta_value><![CDATA[field_schema_subtype]]></wp:meta_value>
		</wp:postmeta>
							<wp:postmeta>
		<wp:meta_key><![CDATA[schema_locations_0_locations_group_sub_schema_locations_select]]></wp:meta_key>
		<wp:meta_value><![CDATA[post_type]]></wp:meta_value>
		</wp:postmeta>
							<wp:postmeta>
		<wp:meta_key><![CDATA[_schema_locations_0_locations_group_sub_schema_locations_select]]></wp:meta_key>
		<wp:meta_value><![CDATA[field_schema_locations_select]]></wp:meta_value>
		</wp:postmeta>
							<wp:postmeta>
		<wp:meta_key><![CDATA[schema_locations_0_locations_group_sub_schema_post_type_location]]></wp:meta_key>
		<wp:meta_value><![CDATA[page]]></wp:meta_value>
		</wp:postmeta>
							<wp:postmeta>
		<wp:meta_key><![CDATA[_schema_locations_0_locations_group_sub_schema_post_type_location]]></wp:meta_key>
		<wp:meta_value><![CDATA[schema_post_type_location]]></wp:meta_value>
		</wp:postmeta>
							<wp:postmeta>
		<wp:meta_key><![CDATA[schema_locations_0_locations_group_sub]]></wp:meta_key>
		<wp:meta_value><![CDATA[]]></wp:meta_value>
		</wp:postmeta>
							<wp:postmeta>
		<wp:meta_key><![CDATA[_schema_locations_0_locations_group_sub]]></wp:meta_key>
		<wp:meta_value><![CDATA[group_schema_locations_sub]]></wp:meta_value>
		</wp:postmeta>
							<wp:postmeta>
		<wp:meta_key><![CDATA[schema_locations]]></wp:meta_key>
		<wp:meta_value><![CDATA[1]]></wp:meta_value>
		</wp:postmeta>
							<wp:postmeta>
		<wp:meta_key><![CDATA[_schema_locations]]></wp:meta_key>
		<wp:meta_value><![CDATA[field_schema_locations]]></wp:meta_value>
		</wp:postmeta>
							<wp:postmeta>
		<wp:meta_key><![CDATA[schema_exclution]]></wp:meta_key>
		<wp:meta_value><![CDATA[]]></wp:meta_value>
		</wp:postmeta>
							<wp:postmeta>
		<wp:meta_key><![CDATA[_schema_exclution]]></wp:meta_key>
		<wp:meta_value><![CDATA[field_schema_exclution]]></wp:meta_value>
		</wp:postmeta>
							<wp:postmeta>
		<wp:meta_key><![CDATA[_properties_url]]></wp:meta_key>
		<wp:meta_value><![CDATA[post_permalink]]></wp:meta_value>
		</wp:postmeta>
							<wp:postmeta>
		<wp:meta_key><![CDATA[__properties_url]]></wp:meta_key>
		<wp:meta_value><![CDATA[properties_url]]></wp:meta_value>
		</wp:postmeta>
							<wp:postmeta>
		<wp:meta_key><![CDATA[_]]></wp:meta_key>
		<wp:meta_value><![CDATA[schema_properties_group_description]]></wp:meta_value>
		</wp:postmeta>
							<wp:postmeta>
		<wp:meta_key><![CDATA[_properties_headline]]></wp:meta_key>
		<wp:meta_value><![CDATA[post_title]]></wp:meta_value>
		</wp:postmeta>
							<wp:postmeta>
		<wp:meta_key><![CDATA[__properties_headline]]></wp:meta_key>
		<wp:meta_value><![CDATA[properties_headline]]></wp:meta_value>
		</wp:postmeta>
							<wp:postmeta>
		<wp:meta_key><![CDATA[_properties_alternativeHeadline]]></wp:meta_key>
		<wp:meta_value><![CDATA[disabled]]></wp:meta_value>
		</wp:postmeta>
							<wp:postmeta>
		<wp:meta_key><![CDATA[__properties_alternativeHeadline]]></wp:meta_key>
		<wp:meta_value><![CDATA[properties_alternativeHeadline]]></wp:meta_value>
		</wp:postmeta>
							<wp:postmeta>
		<wp:meta_key><![CDATA[_properties_image]]></wp:meta_key>
		<wp:meta_value><![CDATA[featured_image]]></wp:meta_value>
		</wp:postmeta>
							<wp:postmeta>
		<wp:meta_key><![CDATA[__properties_image]]></wp:meta_key>
		<wp:meta_value><![CDATA[properties_image]]></wp:meta_value>
		</wp:postmeta>
							<wp:postmeta>
		<wp:meta_key><![CDATA[_properties_datePublished]]></wp:meta_key>
		<wp:meta_value><![CDATA[post_date]]></wp:meta_value>
		</wp:postmeta>
							<wp:postmeta>
		<wp:meta_key><![CDATA[__properties_datePublished]]></wp:meta_key>
		<wp:meta_value><![CDATA[properties_datePublished]]></wp:meta_value>
		</wp:postmeta>
							<wp:postmeta>
		<wp:meta_key><![CDATA[_properties_dateModified]]></wp:meta_key>
		<wp:meta_value><![CDATA[post_modified]]></wp:meta_value>
		</wp:postmeta>
							<wp:postmeta>
		<wp:meta_key><![CDATA[__properties_dateModified]]></wp:meta_key>
		<wp:meta_value><![CDATA[properties_dateModified]]></wp:meta_value>
		</wp:postmeta>
							<wp:postmeta>
		<wp:meta_key><![CDATA[_properties_lastReviewed]]></wp:meta_key>
		<wp:meta_value><![CDATA[post_modified]]></wp:meta_value>
		</wp:postmeta>
							<wp:postmeta>
		<wp:meta_key><![CDATA[__properties_lastReviewed]]></wp:meta_key>
		<wp:meta_value><![CDATA[properties_lastReviewed]]></wp:meta_value>
		</wp:postmeta>
							<wp:postmeta>
		<wp:meta_key><![CDATA[_properties_reviewedBy]]></wp:meta_key>
		<wp:meta_value><![CDATA[author_name]]></wp:meta_value>
		</wp:postmeta>
							<wp:postmeta>
		<wp:meta_key><![CDATA[__properties_reviewedBy]]></wp:meta_key>
		<wp:meta_value><![CDATA[properties_reviewedBy]]></wp:meta_value>
		</wp:postmeta>
							<wp:postmeta>
		<wp:meta_key><![CDATA[_properties_author]]></wp:meta_key>
		<wp:meta_value><![CDATA[author_name]]></wp:meta_value>
		</wp:postmeta>
							<wp:postmeta>
		<wp:meta_key><![CDATA[__properties_author]]></wp:meta_key>
		<wp:meta_value><![CDATA[properties_author]]></wp:meta_value>
		</wp:postmeta>
							<wp:postmeta>
		<wp:meta_key><![CDATA[_properties_description]]></wp:meta_key>
		<wp:meta_value><![CDATA[post_excerpt]]></wp:meta_value>
		</wp:postmeta>
							<wp:postmeta>
		<wp:meta_key><![CDATA[__properties_description]]></wp:meta_key>
		<wp:meta_value><![CDATA[properties_description]]></wp:meta_value>
		</wp:postmeta>
							</item>
				</channel>
</rss>
	